data,casosNovos,casosAcumulado,obitosNovos,obitosAcumulado
2021-01-01,24606,7557569.0,504,192274
2021-01-02,15800,7570877.0,332,193427
2021-01-03,17261,7594734.0,290,193772
2021-01-04,19759,7580133.0,535,191573
2021-01-05,56233,7715391.0,1186,195877
2021-01-06,63180,7797005.0,1245,197534
2021-01-07,88415,7823593.0,1520,197202
2021-01-08,51387,7914965.0,987,199292
2021-01-09,61861,7981792.0,1202,200536
2021-01-10,29755,8009393.0,468,201489
2021-01-11,25750,8034653.0,481,201909
2021-01-12,63829,8069926.0,1116,202566
2021-01-13,61555,7992467.0,1270,200535
2021-01-14,67667,8232202.0,1143,205892
2021-01-15,68734,8281898.0,1177,206537
2021-01-16,60803,8243077.0,1052,205490
2021-01-17,32930,8380329.0,571,207236
2021-01-18,23391,8150025.0,506,202433
2021-01-19,61479,8463990.0,1194,209731
2021-01-20,63866,8457486.0,1347,207210
2021-01-21,58836,8569117.0,1324,212261
2021-01-22,55820,8597458.0,1118,212956
2021-01-23,61658,8721068.0,1220,214733
2021-01-24,28125,8657257.0,597,214155
2021-01-25,26780,8772399.0,628,216403
2021-01-26,61676,8843046.0,1232,217641
2021-01-27,63428,8916751.0,1288,218818
2021-01-28,61823,8944206.0,1388,219851
2021-01-29,59635,9035466.0,1127,221506
2021-01-30,58047,9038876.0,1278,222159
2021-01-31,27565,9074883.0,558,222597
2021-02-01,24443,9045466.0,595,222190
2021-02-02,52810,8883687.0,1218,215951
2021-02-03,55987,9157718.0,1253,223992
2021-02-04,56429,9263751.0,1228,225952
2021-02-05,50367,9332996.0,1245,228127
2021-02-06,50477,9369741.0,976,229039
2021-02-07,26927,9376830.0,531,229156
2021-02-08,23511,9188624.0,632,224698
2021-02-09,52046,9471933.0,1344,231557
2021-02-10,59502,9546838.0,1326,233088
2021-02-11,54375,9624080.0,1354,234672
2021-02-12,51341,9619273.0,1301,235345
2021-02-13,44086,9644835.0,1039,235880
2021-02-14,24867,9693230.0,720,236360
2021-02-15,28103,9538860.0,561,231821
2021-02-16,55061,9790145.0,1176,238887
2021-02-17,54374,9633503.0,1223,234787
2021-02-18,51796,9910930.0,1366,241224
2021-02-19,54347,9661281.0,1324,234084
2021-02-20,57102,9999804.0,1279,243268
2021-02-21,28913,10026170.0,526,243562
2021-02-22,26949,10055468.0,639,244702
2021-02-23,62608,10110361.0,1367,244418
2021-02-24,66699,10231329.0,1439,248388
2021-02-25,65239,10226759.0,1553,248539
2021-02-26,64702,10288978.0,1351,249660
2021-02-27,61227,10429214.0,1386,252877
2021-02-28,34523,10475163.0,722,253879
2021-03-01,35388,10276631.0,766,248527
2021-03-02,59796,10542153.0,1635,255843
2021-03-03,71463,10592586.0,1908,257352
2021-03-04,74970,10672481.0,1705,258819
2021-03-05,74940,10725212.0,1807,260179
2021-03-06,69696,10782700.0,1558,261963
2021-03-07,80551,10798670.0,1069,261645
2021-03-08,32219,10932839.0,988,264262
2021-03-09,70563,10973462.0,1970,265909
2021-03-10,93548,11096392.0,2285,268428
2021-03-11,75235,11186853.0,2231,270986
2021-03-12,85604,11290390.0,2207,273799
2021-03-13,75714,11251184.0,1991,273593
2021-03-14,43650,11365862.0,1129,275438
2021-03-15,36598,11186458.0,1016,273659
2021-03-16,83830,11462878.0,2838,278230
2021-03-17,89950,11590713.0,2652,282672
2021-03-18,86593,11609671.0,2723,284887
2021-03-19,91229,11685676.0,2787,286345
2021-03-20,79241,11727666.0,2441,287660
2021-03-21,47809,11871586.0,1287,291717
2021-03-22,49346,11770408.0,1341,290838
2021-03-23,86161,11703990.0,3163,287102
2021-03-24,89732,12115074.0,2005,298466
2021-03-25,99830,12194670.0,2784,301173
2021-03-26,83939,12281735.0,3650,304764
2021-03-27,87831,12164780.0,3355,300732
2021-03-28,43993,12372527.0,1665,309371
2021-03-29,39102,12260486.0,1643,307051
2021-03-30,84302,12540397.0,3781,314913
2021-03-31,90611,12636372.0,3870,319182
2021-04-01,91000,12758844.0,3765,323540
2021-04-02,70266,12808569.0,2989,326256
2021-04-03,42960,12743229.0,2058,324415
2021-04-04,31358,12803717.0,1241,327591
2021-04-05,28780,12592659.0,1309,323022
2021-04-06,87691,12711609.0,4175,328215
2021-04-07,93608,12856045.0,3798,331227
2021-04-08,91799,13006829.0,4212,339023
2021-04-09,93381,13183909.0,3685,344748
2021-04-10,71656,13323839.0,2617,348859
2021-04-11,36832,13153429.0,1790,346685
2021-04-12,35839,13221192.0,1450,346774
2021-04-13,80561,13213708.0,3783,350852
2021-04-14,73618,13532161.0,3466,358589
2021-04-15,72937,13585884.0,3568,362203
2021-04-16,85971,13659430.0,3299,364603
2021-04-17,67309,13588309.0,2921,365608
2021-04-18,42746,13661514.0,1752,366103
2021-04-19,30876,13551303.0,1400,364420
2021-04-20,71784,13741256.0,3367,371150
2021-04-21,81465,13985507.0,3470,378346
2021-04-22,47354,13960873.0,2032,378917
2021-04-23,69375,14065575.0,2899,382284
2021-04-24,71104,14112338.0,3069,385735
2021-04-25,33043,13770668.0,1380,377286
2021-04-26,28586,13939381.0,1227,380752
2021-04-27,71908,14310788.0,3098,392080
2021-04-28,79687,14370984.0,3172,394578
2021-04-29,69429,14285308.0,3006,394715
2021-04-30,68222,14490170.0,2627,399196
2021-05-01,67472,14493976.0,2670,400570
2021-05-02,28874,14585891.0,1199,403253
2021-05-03,24929,14367702.0,978,399399
2021-05-04,77135,14701619.0,2968,407517
2021-05-05,73266,14819238.0,2806,411954
2021-05-06,73273,14863282.0,2554,413838
2021-05-07,78979,14865333.0,2191,414141
2021-05-08,62811,14850430.0,2208,415601
2021-05-09,39012,14864444.0,1049,414459
2021-05-10,25412,14844529.0,892,412263
2021-05-11,72329,14709407.0,2313,409054
2021-05-12,75370,14874202.0,2530,415202
2021-05-13,76798,14783836.0,2362,415922
2021-05-14,85721,15364357.0,2205,428298
2021-05-15,68049,15356981.0,2176,430225
2021-05-16,40331,15261559.0,1045,425773
2021-05-17,30108,15290239.0,774,426823
2021-05-18,74890,15561707.0,2535,434981
2021-05-19,78816,15669330.0,2694,438717
2021-05-20,81597,15600409.0,2463,436808
2021-05-21,76756,15818402.0,2218,442780
2021-05-22,101819,15578033.0,10870,443299
2021-05-23,62882,15845735.0,9823,443003
2021-05-24,145229,15885104.0,3419,443946
2021-05-25,183556,15930754.0,4785,445254
2021-05-26,80044,16128702.0,2406,450890
2021-05-27,67586,16168245.0,2247,452436
2021-05-28,49244,15459007.0,2442,436042
2021-05-29,79385,16244500.0,2030,455263
2021-05-30,42608,16013101.0,871,430445
2021-05-31,32228,16088391.0,830,452080
2021-06-01,79393,16361987.0,2384,457920
2021-06-02,94271,16475038.0,2515,462679
2021-06-03,195523,16568450.0,4407,462561
2021-06-04,150902,16582198.0,4191,463323
2021-06-05,65829,16695546.0,1682,467124
2021-06-06,39789,16810090.0,912,470081
2021-06-07,37309,16698095.0,1003,468387
2021-06-08,52814,16753341.0,2439,469835
2021-06-09,85462,16841717.0,2744,472604
2021-06-10,88128,16736966.0,2492,469792
2021-06-11,84941,17153504.0,2218,480747
2021-06-12,78648,17069223.0,2042,479805
2021-06-13,38074,17291433.0,1130,484477
2021-06-14,39745,17011824.0,820,475117
2021-06-15,80313,17328242.0,2470,486092
2021-06-16,94677,17462486.0,2995,489940
2021-06-17,74848,17501037.0,2295,490998
2021-06-18,98673,17705108.0,2528,495956
2021-06-19,82090,17720540.0,2306,495817
2021-06-20,44175,17670395.0,1026,492969
2021-06-21,38562,17541917.0,768,492807
2021-06-22,87668,17804882.0,2127,499608
2021-06-23,131597,17760866.0,2651,495291
2021-06-24,73517,18074812.0,2083,505030
2021-06-25,79189,18104363.0,2115,506128
2021-06-26,63962,18198593.0,1604,507544
2021-06-27,33696,18231526.0,737,507804
2021-06-28,27749,17907136.0,609,499968
2021-06-29,64953,18190530.0,1997,508235
2021-06-30,46436,18312848.0,2123,512080
2021-07-01,67194,18352514.0,2141,515323
2021-07-02,87068,18373998.0,1884,514054
2021-07-03,54388,18537765.0,1646,518775
2021-07-04,41184,18583253.0,831,519329
2021-07-05,39476,18445027.0,692,515653
2021-07-06,61995,18429052.0,1840,514569
2021-07-07,55314,18718197.0,1662,523978
2021-07-08,53609,18575571.0,1643,521100
2021-07-09,57801,18607144.0,1524,520882
2021-07-10,48139,18812017.0,1214,526859
2021-07-11,20947,18809619.0,595,526183
2021-07-12,17116,18847270.0,742,527846
2021-07-13,45261,18886604.0,1600,529185
2021-07-14,57273,18913585.0,1686,529011
2021-07-15,52597,18816762.0,1662,527158
2021-07-16,45325,18802726.0,1465,528115
2021-07-17,34444,19038843.0,874,534762
2021-07-18,33956,19236486.0,963,538698
2021-07-19,15371,18957063.0,539,532366
2021-07-20,27594,18926272.0,1417,532318
2021-07-21,54214,19067133.0,1430,536145
2021-07-22,49982,19209717.0,1424,539317
2021-07-23,108746,19298730.0,1328,540390
2021-07-24,38162,19135761.0,1107,538397
2021-07-25,18164,19569674.0,476,546832
2021-07-26,30594,18308368.0,540,516346
2021-07-27,42569,19256257.0,1344,541643
2021-07-28,47899,19191824.0,1369,539873
2021-07-29,42797,19103871.0,1316,533106
2021-07-30,40279,18849267.0,980,530261
2021-07-31,37533,19374174.0,917,544374
2021-08-01,20510,19716323.0,467,550480
2021-08-02,15033,19541665.0,389,548843
2021-08-03,37070,19443014.0,1202,544591
2021-08-04,40881,19610396.0,1178,549498
2021-08-05,58848,18557740.0,1041,523381
2021-08-06,49108,19493551.0,1062,548520
2021-08-07,43056,19795201.0,985,553941
2021-08-08,13979,19806241.0,402,553156
2021-08-09,12030,19664803.0,417,552678
2021-08-10,35003,19839502.0,1202,555959
2021-08-11,32555,19886874.0,989,557263
2021-08-12,40073,19725069.0,1145,554290
2021-08-13,34158,19783133.0,977,556085
2021-08-14,30854,20025755.0,932,559814
2021-08-15,13976,20230568.0,271,565587
2021-08-16,14551,19845273.0,444,556178
2021-08-17,38088,19513350.0,1159,547593
2021-08-18,41175,19606441.0,1062,545895
2021-08-19,36072,19978839.0,985,560579
2021-08-20,33786,20184007.0,888,564765
2021-08-21,28419,20176486.0,704,564800
2021-08-22,14375,20189555.0,323,564109
2021-08-23,13160,20167609.0,330,563223
2021-08-24,31245,19655200.0,880,548722
2021-08-25,30453,19876701.0,910,556180
2021-08-26,30817,20016351.0,920,559743
2021-08-27,27471,20238751.0,769,566509
2021-08-28,24523,20117189.0,694,561497
2021-08-29,13062,20242691.0,311,564978
2021-08-30,25458,20021554.0,294,557864
2021-08-31,39452,19945851.0,844,558262
2021-09-01,28455,19663390.0,760,547706
2021-09-02,26439,20093264.0,766,561587
2021-09-03,25753,19963367.0,783,555843
2021-09-04,21923,19951022.0,686,557659
2021-09-05,13034,20393267.0,250,568807
2021-09-06,9480,20340600.0,174,567457
2021-09-07,15162,20154058.0,383,561142
2021-09-08,14539,20438180.0,253,570783
2021-09-09,30407,19948593.0,748,562956
2021-09-10,16459,19948397.0,677,560683
2021-09-11,14522,20369982.0,718,572630
2021-09-12,8596,20529206.0,298,575358
2021-09-13,7164,20080938.0,206,565576
2021-09-14,14190,20149265.0,730,567091
2021-09-15,16524,20118937.0,791,565311
2021-09-16,42896,18941045.0,647,522750
2021-09-17,11916,20143782.0,343,567332
2021-09-18,150512,20834226.0,941,581039
2021-09-19,9655,20782596.0,247,575852
2021-09-20,7846,20861688.0,220,579758
2021-09-21,12981,19530164.0,486,545407
2021-09-22,37868,19817822.0,870,548397
2021-09-23,25289,20362541.0,650,564323
2021-09-24,20200,19952302.0,694,556030
2021-09-25,16059,20244172.0,531,564705
2021-09-26,8755,20988884.0,249,585654
2021-09-27,14575,20907707.0,211,582413
2021-09-28,15939,20455133.0,789,570729
2021-09-29,18508,19972981.0,665,559915
2021-09-30,25334,20150827.0,614,555455
2021-10-01,18615,20538561.0,555,572400
2021-10-02,13658,20706557.0,472,578617
2021-10-03,9053,21119852.0,227,586274
2021-10-04,10485,20913231.0,221,578783
2021-10-05,21308,20975523.0,676,584698
2021-10-06,32798,20610041.0,539,574932
2021-10-07,31718,20182518.0,446,561857
2021-10-08,19081,20623102.0,597,574542
2021-10-09,17290,20744831.0,411,579074
2021-10-10,8664,20880112.0,218,578222
2021-10-11,6862,20509036.0,206,567427
2021-10-12,8860,18267354.0,161,485710
2021-10-13,7839,21124209.0,174,589791
2021-10-14,14571,20518904.0,519,574188
2021-10-15,15273,19843413.0,585,541423
2021-10-16,11747,20635361.0,472,574191
2021-10-17,6495,19373091.0,131,526404
2021-10-18,7535,21031510.0,184,582841
2021-10-19,16011,19848273.0,347,529837
2021-10-20,16110,20273200.0,366,565841
2021-10-21,17104,20924798.0,449,582939
2021-10-22,15149,20131287.0,460,562415
2021-10-23,11775,20651354.0,328,577693
2021-10-24,6870,20722803.0,188,578612
2021-10-25,5795,21283077.0,162,590336
2021-10-26,14075,20704369.0,433,577752
2021-10-27,16866,20137076.0,474,557464
2021-10-28,15636,20286789.0,454,561874
2021-10-29,12181,21016987.0,400,586713
2021-10-30,10783,20744694.0,237,574517
2021-10-31,6785,21386156.0,135,598296
2021-11-01,3872,21431145.0,98,594962
2021-11-02,6464,21408056.0,148,595718
2021-11-03,14834,20947575.0,165,579372
2021-11-04,28419,20961495.0,547,583124
2021-11-05,28342,20298403.0,519,561929
2021-11-06,11938,20996575.0,326,583213
2021-11-07,6350,21594733.0,61,597479
2021-11-08,5703,21526201.0,126,599865
2021-11-09,11139,20789904.0,188,575239
2021-11-10,12706,20358704.0,283,564293
2021-11-11,16019,20909068.0,208,580537
2021-11-12,17190,21162043.0,262,592481
2021-11-13,15286,20988353.0,729,584180
2021-11-14,4323,21285619.0,63,589664
2021-11-15,3068,21279811.0,63,591000
2021-11-16,5015,21016861.0,133,585371
2021-11-17,12239,20544370.0,371,572489
2021-11-18,12855,20691408.0,311,571999
2021-11-19,13511,20046791.0,248,554643
2021-11-20,9045,20649206.0,218,574292
2021-11-21,5163,21344081.0,73,591533
2021-11-22,3171,20664856.0,123,573091
2021-11-23,142126,20828778.0,297,575517
2021-11-24,144875,20926011.0,411,583632
2021-11-25,12237,20886305.0,308,578803
2021-11-26,12560,20592175.0,451,569770
2021-11-27,9339,21143567.0,239,585851
2021-11-28,4059,21787048.0,92,605900
2021-11-29,3906,21632767.0,103,603532
2021-11-30,9915,21016597.0,307,581740
2021-12-01,12102,20650931.0,295,574548
2021-12-02,13053,20714503.0,376,573244
2021-12-03,10881,21018490.0,232,580566
2021-12-04,9708,20892667.0,302,574744
2021-12-05,4871,21598350.0,207,600010
2021-12-06,4390,21382169.0,243,593284
2021-12-07,10664,21050091.0,408,584537
2021-12-08,10335,21153542.0,375,585723
2021-12-09,9066,20525246.0,360,566368
2021-12-10,8159,20917861.0,236,581040
2021-12-11,3109,21565140.0,194,596583
2021-12-12,1742,21619078.0,220,597200
2021-12-13,2054,21888083.0,180,606855
2021-12-14,3878,21973044.0,91,611665
2021-12-15,5471,21295727.0,323,589036
2021-12-16,3727,22019573.0,131,612328
2021-12-17,4092,21736943.0,206,602087
2021-12-18,3277,21239197.0,160,585105
2021-12-19,1470,20600473.0,51,553781
2021-12-20,2077,21753227.0,203,604138
2021-12-21,3602,21673141.0,213,603368
2021-12-22,3426,21249608.0,170,587979
2021-12-23,3616,21099973.0,153,576579
2021-12-24,4057,21093337.0,182,582738
2021-12-25,3915,21794992.0,34,603255
2021-12-26,4740,20906347.0,26,567294
2021-12-27,6846,22026293.0,84,613001
2021-12-28,8519,20939069.0,181,559361
2021-12-29,9207,21866000.0,115,607064
2021-12-30,13690,21620264.0,303,600657
2021-12-31,10724,21396454.0,78,593912
2022-01-01,4223,21717391.0,54,598449
2022-01-02,1703,21983832.0,28,609109
2022-01-03,11744,21423391.0,214,592663
2022-01-04,18514,21087851.0,321,580572
2022-01-05,24939,20129507.0,305,533597
2022-01-06,35894,21740334.0,135,599173
2022-01-07,61712,21612991.0,187,597439
2022-01-08,49076,22008285.0,117,606852
2022-01-09,24139,21941923.0,51,605167
2022-01-10,34934,22181401.0,244,610261
2022-01-11,70878,22005744.0,285,600987
2022-01-12,87269,22309903.0,139,606209
2022-01-13,97111,22321179.0,175,604112
2022-01-14,111726,22487142.0,257,608391
2022-01-15,48338,22682570.0,174,612947
2022-01-16,25056,22666593.0,211,613034
2022-01-17,73277,22435430.0,263,601117
2022-01-18,143003,22147933.0,364,593737
2022-01-19,205697,22815366.0,348,603577
2022-01-20,165341,23074472.0,357,606891
2022-01-21,162957,23168990.0,362,604431
2022-01-22,155779,23586808.0,258,615370
2022-01-23,134525,23773331.0,299,614759
2022-01-24,82917,23914982.0,346,617882
2022-01-25,180105,23689287.0,561,608248
2022-01-26,222964,24163377.0,573,612588
2022-01-27,226282,24523176.0,663,617779
2022-01-28,268827,24706862.0,801,616098
2022-01-29,179445,25025817.0,637,622038
2022-01-30,136755,24906568.0,321,616182
2022-01-31,77743,25197225.0,288,622611
2022-02-01,190250,25108450.0,929,613923
2022-02-02,172052,25588418.0,893,624769
2022-02-03,289330,25193221.0,1043,608959
2022-02-04,183886,26130109.0,560,627417
2022-02-05,197276,26151441.0,1305,624666
2022-02-06,59711,26337926.0,393,627244
2022-02-07,65912,26119649.0,429,619323
2022-02-08,176384,26506894.0,1191,626739
2022-02-09,174574,26390434.0,1293,623668
2022-02-10,163843,26912939.0,943,630781
2022-02-11,165655,27103508.0,1122,632324
2022-02-12,139238,27167001.0,903,632092
2022-02-13,53912,26529789.0,342,614034
2022-02-14,58539,27130297.0,478,628909
2022-02-15,120944,27466383.0,857,635911
2022-02-16,146625,27261169.0,1096,625687
2022-02-17,130581,27665478.0,1144,635892
2022-02-18,120057,27698247.0,1128,634748
2022-02-19,110951,27847555.0,853,635286
2022-02-20,39987,27775040.0,414,634867
2022-02-21,37358,27971229.0,318,638591
2022-02-22,105686,28097540.0,818,639973
2022-02-23,133288,27966852.0,993,630771
2022-02-24,92887,27902273.0,980,630936
2022-02-25,91270,28112678.0,780,637200
2022-02-26,73895,28324761.0,755,639934
2022-02-27,24080,28136911.0,221,634511
2022-02-28,19610,28337740.0,345,640478
2022-03-01,23752,28302624.0,298,639316
2022-03-02,30984,28191764.0,520,634233
2022-03-03,61701,28369208.0,734,637095
2022-03-04,68902,28484429.0,829,639006
2022-03-05,124310,28082650.0,1987,629233
2022-03-06,88994,28484518.0,1597,641424
2022-03-07,20425,28309697.0,196,632524
2022-03-08,69150,28380932.0,489,635648
2022-03-09,65651,28559123.0,666,642983
2022-03-10,57015,28691624.0,585,643734
2022-03-11,54702,27403892.0,480,592159
2022-03-12,48993,28494917.0,399,637012
2022-03-13,18503,27474566.0,144,592463
2022-03-14,11230,27915515.0,176,604912
2022-03-15,52060,28584512.0,347,635620
2022-03-16,45939,28576821.0,357,639795
2022-03-17,48773,28632121.0,484,634793
2022-03-18,46026,28654930.0,385,636476
2022-03-19,44277,28801943.0,307,642802
2022-03-20,12760,27922296.0,118,601145
2022-03-21,11160,29374020.0,98,651951
2022-03-22,41413,28738912.0,550,639860
2022-03-23,47905,28841265.0,304,640140
2022-03-24,37437,28801947.0,475,637734
2022-03-25,35186,28663275.0,262,639048
2022-03-26,30730,29009309.0,199,643786
2022-03-27,10146,28355699.0,121,607741
2022-03-28,10063,29376104.0,78,649222
2022-03-29,30192,29051820.0,446,641382
2022-03-30,33702,29241179.0,274,644693
2022-03-31,31487,28653413.0,422,620908
2022-04-01,29618,28082194.0,414,619772
2022-04-02,16819,28938690.0,273,631459
2022-04-03,7579,27133991.0,190,575277
2022-04-04,13187,29150327.0,329,639459
2022-04-05,27746,29262386.0,218,645072
2022-04-06,27181,29177465.0,201,642655
2022-04-07,26349,29273874.0,253,641742
2022-04-08,30332,28993319.0,311,640242
2022-04-09,23973,29395647.0,1226,645517
2022-04-10,9952,28575000.0,1180,608463
2022-04-11,8879,29380436.0,231,642878
2022-04-12,22414,28762576.0,333,628419
2022-04-13,26651,28526440.0,326,621866
2022-04-14,23311,29280888.0,299,638437
2022-04-15,13460,29390132.0,272,640504
2022-04-16,2800,28581329.0,32,604247
2022-04-17,2600,29741665.0,25,652222
2022-04-18,144593,28677009.0,1770,619345
2022-04-19,14089,29281523.0,124,640137
2022-04-20,37320,29123971.0,276,636584
2022-04-21,19108,29571644.0,94,644728
2022-04-22,8065,29451964.0,55,643368
2022-04-23,7202,29626991.0,213,645815
2022-04-24,3762,28254677.0,36,591910
2022-04-25,6232,29626716.0,236,644459
2022-04-26,21842,29435097.0,150,640992
2022-04-27,21087,29667612.0,249,647550
2022-04-28,19623,29413608.0,282,643197
2022-04-29,13607,29653516.0,347,642522
2022-04-30,13760,29574436.0,250,640765
2022-05-01,6291,28664694.0,16,606157
2022-05-02,6452,28731430.0,248,605374
2022-05-03,20251,29609048.0,93,644247
2022-05-04,19920,29474463.0,72,639055
2022-05-05,20940,29838255.0,139,645684
2022-05-06,19819,29278833.0,193,632380
2022-05-07,13831,29763937.0,38,645190
2022-05-08,6226,29845992.0,13,646965
2022-05-09,9958,30183582.0,54,657157
2022-05-10,19987,29332456.0,197,633339
2022-05-11,23526,29909355.0,136,649696
2022-05-12,24978,29483055.0,299,633553
2022-05-13,29578,29974042.0,306,647841
2022-05-14,16981,30065515.0,98,652559
2022-05-15,6308,29947825.0,48,645121
2022-05-16,13223,30072563.0,236,652250
2022-05-17,26326,29756617.0,395,637720
2022-05-18,13645,29958424.0,107,644954
2022-05-19,10396,30147064.0,276,651537
2022-05-20,10110,30114180.0,225,649990
2022-05-21,16170,30454828.0,39,658092
2022-05-22,12753,29782855.0,100,635768
2022-05-23,12854,30285637.0,203,655072
2022-05-24,32672,29930600.0,407,638990
2022-05-25,33139,30089544.0,147,643694
2022-05-26,169474,29962022.0,2039,644146
2022-05-27,38648,29771239.0,312,633717
2022-05-28,23655,30263250.0,86,652135
2022-05-29,8225,30648511.0,62,659358
2022-05-30,24412,30390490.0,226,655987
2022-05-31,40765,30292490.0,326,648112
2022-06-01,40849,30528227.0,133,656871
2022-06-02,40871,30562787.0,298,655789
2022-06-03,34892,30369991.0,211,648602
2022-06-04,15530,30941883.0,26,662253
2022-06-05,6179,30671435.0,17,657096
2022-06-06,35829,30952315.0,37,662626
2022-06-07,70589,30630333.0,479,656038
2022-06-08,49238,30650271.0,463,648065
2022-06-09,44620,30769859.0,144,652028
2022-06-10,56058,31074921.0,175,661485
2022-06-11,27579,31198972.0,114,663244
2022-06-12,11732,31234510.0,38,664006
2022-06-13,41218,31223722.0,72,662398
2022-06-14,44205,31043425.0,179,658507
2022-06-15,69908,31136789.0,347,659919
2022-06-16,33222,31191713.0,316,659516
2022-06-17,28693,31279209.0,72,660634
2022-06-18,20112,31447903.0,94,663186
2022-06-19,10695,31549260.0,56,664939
2022-06-20,51374,31250907.0,262,654841
2022-06-21,63904,31399853.0,393,660981
2022-06-22,71313,31438435.0,142,658917
2022-06-23,71407,31385547.0,530,656958
2022-06-24,60358,31755367.0,336,663239
2022-06-25,38725,31867361.0,141,666326
2022-06-26,16655,31926557.0,36,667043
2022-06-27,51533,31402982.0,132,654533
2022-06-28,75303,31741811.0,327,656736
2022-06-29,75775,31985912.0,440,665462
2022-06-30,74891,31835190.0,462,658082
2022-07-01,75372,32124968.0,287,665843
2022-07-02,37770,32253771.0,164,667190
2022-07-03,18566,32363153.0,52,669438
2022-07-04,45495,32293514.0,124,667551
2022-07-05,74844,32368246.0,403,667597
2022-07-06,76870,32428894.0,366,665220
2022-07-07,71885,32420667.0,291,665353
2022-07-08,70496,32236368.0,435,661400
2022-07-09,43448,32568404.0,218,668121
2022-07-10,21985,32699445.0,56,669619
2022-07-11,43594,31852432.0,155,648553
2022-07-12,62840,32214269.0,511,658603
2022-07-13,72031,32735813.0,384,664607
2022-07-14,65275,32877431.0,303,667895
2022-07-15,107659,32730709.0,320,663811
2022-07-16,39854,32947999.0,206,669546
2022-07-17,10899,33026389.0,56,670410
2022-07-18,39533,32834094.0,168,665057
2022-07-19,57888,33103501.0,358,669591
2022-07-20,55778,32681555.0,514,658463
2022-07-21,50558,32727597.0,434,659562
2022-07-22,49571,33184013.0,283,669531
2022-07-23,25842,33281321.0,161,670488
2022-07-24,201575,32488325.0,37,651000
2022-07-25,220957,33073207.0,183,665965
2022-07-26,39717,33154568.0,360,664841
2022-07-27,46727,33384523.0,321,670994
2022-07-28,43901,32702054.0,437,654416
2022-07-29,41446,33086312.0,409,663187
2022-07-30,29723,33350015.0,175,667252
2022-07-31,20433,33407695.0,33,670148
2022-08-01,24076,33333524.0,201,668514
2022-08-02,34541,33275508.0,308,665170
2022-08-03,34583,33544600.0,261,669203
2022-08-04,41019,33504848.0,261,669660
2022-08-05,30050,33225712.0,229,663778
2022-08-06,16547,33489576.0,184,666413
2022-08-07,7180,32462701.0,64,623786
2022-08-08,17757,33106006.0,165,657365
2022-08-09,30582,33718634.0,365,673167
2022-08-10,30972,33637377.0,264,671137
2022-08-11,27261,33146674.0,229,661391
2022-08-12,23678,32861739.0,258,650802
2022-08-13,17755,33606169.0,148,668307
2022-08-14,4492,33550112.0,34,665073
2022-08-15,7997,33463166.0,121,663467
2022-08-16,23188,33349059.0,198,661698
2022-08-17,24583,33335380.0,257,664083
2022-08-18,22470,33585167.0,206,668091
2022-08-19,19882,33272407.0,142,657409
2022-08-20,15442,33420051.0,155,661762
2022-08-21,5063,32367243.0,45,617304
2022-08-22,6876,32952968.0,120,655235
2022-08-23,19894,33420894.0,205,662286
2022-08-24,19741,33353979.0,382,658666
2022-08-25,21037,33196732.0,333,654022
2022-08-26,18332,33666544.0,167,666543
2022-08-27,12412,33242507.0,83,653806
2022-08-28,3504,33741258.0,22,669043
2022-08-29,19197,33853639.0,128,675241
2022-08-30,23503,33513135.0,1581,665599
2022-08-31,15935,33166514.0,1629,655516
2022-09-01,14910,33440038.0,188,660350
2022-09-02,11696,33777014.0,118,667733
2022-09-03,11523,33446487.0,97,657908
2022-09-04,2929,34046567.0,15,675943
2022-09-05,6786,33572409.0,58,669681
2022-09-06,13677,33117980.0,153,657437
2022-09-07,9007,33726797.0,63,668472
2022-09-08,6247,33451981.0,92,667163
2022-09-09,12408,33550437.0,100,662600
2022-09-10,9434,33850946.0,44,670381
2022-09-11,2504,34161175.0,7,675377
2022-09-12,5352,33115945.0,204,656020
2022-09-13,10280,33048845.0,266,655744
2022-09-14,14291,33237015.0,135,661982
2022-09-15,9962,32942200.0,1459,656268
2022-09-16,10533,33605584.0,851,667750
2022-09-17,2910,33643075.0,33,665784
2022-09-18,5069,33755896.0,42,663949
2022-09-19,5968,32723703.0,219,653495
2022-09-20,8884,32935877.0,90,651682
2022-09-21,7328,33373880.0,99,664349
2022-09-22,8819,32285993.0,240,634051
2022-09-23,8032,32874700.0,84,652553
2022-09-24,6717,33764153.0,39,670712
2022-09-25,1275,33889630.0,26,664424
2022-09-26,6109,33142816.0,202,656066
2022-09-27,8493,33434401.0,52,658807
2022-09-28,7759,33392483.0,42,656949
2022-09-29,9644,33514940.0,71,662772
2022-09-30,8898,33884500.0,60,671957
2022-10-01,5981,33193780.0,214,650401
2022-10-02,1036,34341121.0,64,676589
2022-10-03,5115,33634890.0,51,668978
2022-10-04,7303,32585043.0,94,633738
2022-10-05,7184,33632145.0,109,668305
2022-10-06,8375,33602368.0,136,666958
2022-10-07,8078,33596997.0,97,665619
2022-10-08,3925,33690766.0,31,657683
2022-10-09,498,34395065.0,9,680782
2022-10-10,4779,33748253.0,30,668926
2022-10-11,7494,32881709.0,91,635780
2022-10-12,5189,33735685.0,56,661586
2022-10-13,2978,32611133.0,58,633747
2022-10-14,6726,33620489.0,78,664675
2022-10-15,2244,34229490.0,10,679604
2022-10-16,381,34672038.0,2,685703
2022-10-17,5598,33913998.0,89,670489
2022-10-18,8405,33565071.0,84,664138
2022-10-19,8532,34073914.0,103,673202
2022-10-20,4943,33947334.0,228,671950
2022-10-21,4317,33448135.0,210,666594
2022-10-22,1775,34249477.0,39,680221
2022-10-23,1687,34550076.0,8,683591
2022-10-24,9840,32857039.0,97,648398
2022-10-25,6240,33282249.0,50,656428
2022-10-26,7910,33960945.0,198,670055
2022-10-27,8300,33767103.0,61,667135
2022-10-28,7188,33762226.0,115,665819
2022-10-29,1849,34679843.0,12,685493
2022-10-30,804,34654016.0,1,685354
2022-10-31,4225,33172208.0,89,657976
2022-11-01,8140,33292846.0,1415,653579
2022-11-02,2387,34559278.0,1525,684127
2022-11-03,6460,33646162.0,41,663149
2022-11-04,2847,33734490.0,70,665138
2022-11-05,1255,34554586.0,11,684399
2022-11-06,1101,34605628.0,6,684317
2022-11-07,4170,34195515.0,48,676592
2022-11-08,12710,34027482.0,257,669988
2022-11-09,10623,33469433.0,236,655184
2022-11-10,12136,34144110.0,44,676141
2022-11-11,18599,33910813.0,214,665773
2022-11-12,3764,33857664.0,4,669998
2022-11-13,1056,34524398.0,4,681742
2022-11-14,8118,34427238.0,200,679285
2022-11-15,2084,34790206.0,8,686325
2022-11-16,14950,34462619.0,63,679755
2022-11-17,32585,34154277.0,241,672862
2022-11-18,28581,34196107.0,77,671229
2022-11-19,7719,34848143.0,13,686179
2022-11-20,4322,34907800.0,8,687117
2022-11-21,23631,34326242.0,277,672274
2022-11-22,16846,34257917.0,118,671268
2022-11-23,29151,34322495.0,284,671580
2022-11-24,22986,34324539.0,72,675985
2022-11-25,45070,34502532.0,98,673608
